verb;transcriptionEn;category;meaning;translation;transcriptionRu
abduct;/æbˈdʌkt/;I;отодвигать мышцу или конечность от настоящего положения;оттягивать, отводить;at’ˈt’ag’ivat’, atvaˈd’it’
advance;/ədˈvɑːns/;C;идти или двигать что-то вперед;продвигать, продвигаться, ускорять, ускоряться, наступать, идти, двигать, двигаться, надвигаться, надвигать, передвигать, выступать, двинуться ;pradv’iˈgat’, pradv’iˈgaca, uskaˈr’at’, uskaˈr’aca, nastuˈpat’, id’ˈt’i, ˈdv’igat’, ˈdv’igaca, nad’v’iˈgaca, nad’v’iˈgat’, p’ir’id’v’iˈgat’, vыstuˈpat’, ˈdv’inuca
agitate;/ˈædʒ.ɪ.teɪt/;-;встряхивать, обыкновенно жидкость;трясти, взбалтывать, перемешивать, сотрясать, мешать, баламутить, мутить, будоражить, колебать, встряхивать;tr’iˈst’i, ˈvzbaltыvat’, p’ir’iˈm’ešыvat’, satr’iˈsat’, m’iˈšat’, balaˈmut’it’, muˈt’it’, budaˈražыt’, kal’iˈbat’, ˈvstr’ax’ivat’
amble;/ˈæm.bl̩/;IC;идти спокойно, размеренно;иноходить, семенить, (идти) лёгким (шагом), мельтешить;inaxoˈd’it’, s’im’iˈn’it’, ˈl’oxk’im, m’il’t’iˈšыt’
amputate;/ˈæm.pjʊ.teɪt/;-;отрезать часть тела;отнимать, ампутировать, удалять, обрезать;at’n’iˈmat’, ampuˈt’iravat’, ud’aˈl’at’, abr’iˈzat’
appear;/əˈpɪər/;F;появляться, т.е. приходить;показываться, появляться, проявляться, явствовать, выступать, выходить, издаваться, нарисоваться, возникать, являться, объявляться, выплывать, выходить, проявляться, оказываться, проступать, подвернуться, представать;paˈkazыvaca, paiˈvl’aca, praiˈvl’aca, ˈjavstvavat’, vыstuˈpat’, vыxaˈd’it’, izdaˈvaca, nar’isaˈvaca, vazn’iˈkat’, jivˈl’aca, ab’ivˈl’aca, vыplыˈvat’, vыxaˈd’it’, praivˈl’aca, aˈkazыvaca, prastuˈpat’, padv’irˈnuca, pr’istaˈvat’
approach;/əˈprəʊtʃ/;FIC;подходить к кому-либо или чему-либо;приближаться, подходить, обращаться, наступать, приступать, подтягиваться, наплывать, притягиваться, надвигаться, сближаться, накатываться, подступать;pr’ibl’iˈžaca, patxaˈd’it’, abraˈš’aca, nastuˈpat’, pr’isuˈpat’, pat’ˈt’ag’ivaca, naplыˈvat’, pr’iˈt’ag’ivaca, nad’v’iˈgaca, sb’l’iˈžaca, naˈkatыvaca, pactuˈpat’
arrive;/əˈraɪv/;F;достигать какого-либо места;прибывать, достигать, докатываться, приходить, приезжать, доходить, прилетать, приплывать, перекочёвывать, являться, достигать, приваливать, пришагивать;pr’ib’iˈvat’, dast’iˈgat’, daˈkatыvaca, pr’ixaˈd’it’, pr’iiˈžat’, daxaˈd’it’, pr’il’iˈtat’, pr’iplыˈvat’, pr’ikaˈčovыvat’, jiˈvl’aca, dast’iˈgat’, pr’iˈval’ivat’, pr’iˈšag’ivat’
ascend;/əˈsend/;IC;двигаться вверх, подниматься;подниматься, всходить, продвигаться, восходить, набирать (высоту), взбираться, взметаться, доходить, возноситься, подниматься;padn’iˈmaca, fsxaˈd’it’, pradv’iˈgaca, vasxaˈd’it’, nab’iˈrat’, vzb’iˈraca, vzm’iˈtaca, daxaˈd’it’, vazˈnas’ica, padыˈmaca
attach;/əˈtætʃ/;I;закреплять или соединять что-либо;прикреплять, прикладывать, привязывать, присоединять, прикреплять, скреплять, связывать, приобщать, присовокуплять, крепить, приделывать, приснащать, состыковывать, прилеплять, сцеплять, присобачить, присупонивать, присаживать, присучивать;pr’ikr’iˈpl’at’, pr’iˈkladыvat’, pr’iˈv’azыvat’, pr’isaid’iˈn’at’, pr’ikr’iˈpl’at’, skr’iˈpl’at’, sv’aˈzыvat’, pr’iapˈš’at’, pr’isavakuˈpl’at’, kr’iˈp’it’, pr’iˈd’elыvat’, pr’isˈnaš’at’, sastыˈkovыvat’, pr’il’iˈpl’at’, sciˈpl’at’, pr’isaˈbačivat’, pr’isuˈpon’ivat’, pr’iˈsažыvat’, pr’iˈsučivat’
bang;/bæŋ/;IC;ударять частью тела о что-либо;ударять, стучать, хлопать, грохать, бахать, бить, колотить, захлопывать, бухать, брякать, тузить, дубасить, тюкать, хлестнуть, барабанить, бабахнуть, ухать;udaˈr’at’, stuˈčat’, ˈxlopat’, ˈgroxat’, ˈbaxat’, b’it’, kalaˈt’it’, zaˈxlopыvat’, ˈbuxat’, ˈbr’akat’, ˈtuz’it’, duˈbas’it’, ˈt’ukat’, ˈxl’isnut’, baraˈban’it’, baˈbaxnut’, ˈuxat’
bank;/bæŋk/;IC;лететь одним крылом выше, чем другим, при повороте (самолета);накреняться, (делать) вираж, крениться, уклоняться;nakr’iˈn’aca, v’iˈraž, kr’iˈn’ica, uklaˈn’aca
barge;/bɑːdʒ/;F;быстро проходить какое-либо место;вваливаться, протискиваться, проталкиваться, переть, вламываться, приходить, уходить, двигаться, идти;ˈvval’ivaca, praˈt’isk’ivaca, praˈtalk’ivaca, p’eˈr’et’, ˈvlamыvaca, pr’ixaˈd’it’, uxaˈd’it’, ˈdv’igaca, id’ˈt’i
barrel;/ˈbær.əl/;F;быстро идти;быстро (двигаться), нестись, лететь;ˈbыstra, n’is’ˈt’is’, l’iˈt’et’
bash;/bæʃ/;C;сильно ударять;бить, (сильно) ударять, сильно (ударять), шандарахнуть, лупить, колотить, дубасить, вламывать;b’it’, udaˈr’at’, ˈs’il’na, šandaˈraxnut’, luˈp’it’, kalaˈt’it’, duˈbas’it’, ˈvlamыvat’
bat;/bæt/;I;ударять ладонью;бить, дубасить, избивать, хлестать, ударять;b’it’, duˈbas’it’, izb’iˈvat’, xl’isˈtat’, udaˈr’at’
bathe;/beɪð/;C;плавать;купаться, окунаться, плавать, погружаться;kuˈpaca, akuˈnaca, plaˈvat’, pagruˈžaca
batter;/ˈbæt.ər/;I;бить, проявлять агрессивное поведение;(сильно) бить, колотить, дубасить, долбить, громить, месить, колошматить, крушить, утюжить, рукоприкладствовать, мочалить;b’it’, kalaˈt’it’, duˈbas’it’, dalˈb’it’, graˈm’it’, m’iˈs’it’, kalašˈmat’it’, kruˈšit’, uˈt’užit’, rukapr’iˈkladstvavat’, maˈčal’it’
battle;/ˈbæt.l̩/;I;сражаться;сражаться, бороться, драться, биться, схватываться;sraˈžaca, baˈroca, dˈraca, ˈb’ica, ˈsxvat’ыvaca
bear;/beər/;F;носить, передвигать что-либо;носить, нести, переносить, перевозить, двигать, передвигать, разносить, распространять, брать;naˈs’it’, n’iˈst’i, p’ir’inaˈs’it’, p’ir’ivaˈz’it’, dv’iˈgat’, p’ir’idv’iˈgat’, raznaˈs’it’, rasprastraˈn’at’, brat’
beat;/biːt/;I;продолжительно наносить удары;бить, ударять, колотить, выколачивать, хлестать, избивать, стучать, выбивать, шандарахнуть, мутузить, сечь, лупить, колошматить, наваливать, тузить;b’it’, udaˈr’at’, kalaˈt’it’, vыkaˈlačivat’, xl’isˈtat’, izb’iˈvat’, stuˈčat’, vыb’iˈvat’, šanˈdaraxnut’, muˈtuz’it’, s’eč, luˈp’it’, kalašˈmat’it’, naˈval’ivat’, ˈtuz’it’
beckon;/ˈbek.ən/;I;делать движения головой или рукой в просьбе приблизиться;манить, кивать, (делать) знак, мотать, зазывать, прикликать, подзывать, кликать;maˈn’it’, k’iˈvat’, znak, maˈtat’, zazыˈvat’, pr’ikl’iˈkat’, padzыˈvat’, kl’iˈkat’
belabor;/bɪˈleɪ.bər/;С;наносить удары сильно и продолжительно;колошматить, бить, избивать, колотить, дубасить, лупить, чихвостить, рассусоливать, молотить, (надавать) тумаков;kalašˈmat’it’, b’it’, izb’iˈvat’, kalaˈt’it’, duˈbas’it’, luˈp’it’, čixˈvost’it’, rassuˈsol’ivat’, malaˈt’it’, tumaˈkof
belt;/belt/;I;передвигаться с высокой скоростью;гнать, шпарить, мчаться, (бежать) сломя (голову);gnat’, ˈšpar’it’, ˈm’čaca, slaˈm’a
bend;/bend/;IC;сгибать что-либо;сгибать, гнуть, изгибать, наклонять, склонять, скручивать, корёжить, выгибать, перегибать, искривлять, пригибать, скривлять, кривить, заворачивать, прогибать, скрючивать;zg’iˈbat’, gnut’, izg’iˈbat’, naklaˈn’at’, sklaˈn’at’, ˈskručivat’, kaˈr’ožыt’, vыg’iˈbat’, p’ir’ig’iˈbat’, iskr’iˈvl’at’, pr’ig’iˈbat’, skr’iˈvl’at’, kr’iˈv’it’, zavaˈračivat’, prag’iˈbat’, ˈskr’učivat’
biff;/bɪf/;I;наносить удар, особенно кулаком;ударять, стукать, врезать, вмазывать;udaˈr’at’, ˈstukat’, ˈvr’ezat’, ˈvmazыvat’
bind;/baɪnd/;IC;крепко связывать, соединять что-либо;связывать, привязывать, скреплять, скручивать, сковывать, соединять, закреплять, затягивать, прикручивать, присупонивать, заковывать, повязывать;ˈsv’jazыvat’, pr’iˈv’azыvat’, skr’iˈpl’at’, ˈskručivat’, ˈskovыvat’, sa’id’iˈn’at’, z’akr’iˈpl’at’, zaˈt’ag’ivat’, pr’iˈkručivat’, pr’isuˈpon’ivat’, zaˈkovыvat’, paˈv’azыvat’
blast;/blɑːst/;IC;уничтожать что-либо взрывом, ломать схожей силой;взрывать, разрушать, разносить, подрывать, повреждать, уничтожать, пробивать, громить;vzrыˈvat’, razruˈšat’, raznaˈs’it’, padrыˈvat’, pavr’iˈždat’, un’ičtaˈžat’, prab’iˈvat’, graˈm’it’
blench;/blentʃ/;IC;резко отходить, реагировать;уклоняться, отступать, колебаться, теряться, бледнеть, (прийти в) замешательство, избегать, растеряться;uklaˈn’aca, actuˈpat’, kal’iˈbaca, t’ir’ˈaca, bl’id’ˈn’et’, zam’iˈšat’il’stva, iz’ib’iˈgat’, rast’iˈr’aca
blink;/blɪŋk/;IC;быстро закрывать и открывать глаза один или несколько раз;моргать, щуриться, мигать, хлопать (глазами);marˈgat’, ˈš’ur’ica, m’iˈgat’, ˈxlopat’
bludgeon;/ˈblʌdʒ.ən/;I;продолжительно наносить удары тяжелым предметом;бить (дубинкой), дубасить, ударять (дубинкой), лупить, громить;b’it’, duˈbas’it’, udaˈr’at’, luˈp’it’, graˈm’it’
blunder;/ˈblʌn.dər/;IC;осуществлять неловкое движение;(двигаться) ощупью, спотыкаться, наталкиваться, натыкаться, (двигаться) неуверенно;ˈoš’up’ju, spatыˈkaca, naˈtalk’ivaca, naˈtыkaca, n’iuˈv’er’ina
bob;/bɒb/;I;последовательные движения вверх и вниз, особенно на водной поверхности;качаться, подскакивать, подпрыгивать, дрожать, мотаться;kaˈčaca, pacˈkak’ivat’, patˈprыg’ivat’, draˈžat’, maˈtaca
bolt;/bəʊlt/;I;быстро двигаться, особенно в состоянии испуга;выстреливать, бросаться, помчаться, спасаться, сбегать, убегать, драпать, (давать) дёру, удирать, уныривать, улепётывать;vыstr’eˈl’ivat’, braˈsaca, pam’ˈčaca, spaˈsaca, zb’iˈgat’, ub’iˈgat’, ˈdrapat’, ˈd’oru, ud’iˈrat’, uˈnыr’ivat’, ul’iˈp’otыvat’
bomb;/bɒm/;С;быстро передвигаться в транспорте;быстро (двигаться), нестись, мчаться, (двигаться) вихрем, лететь;ˈbыstra, n’is’ˈt’is’, m’čaca, ˈv’ixr’em, ˈl’it’et’
bonk;/bɒŋk/;IC;наносить легкий удар;шлёпать, стукать, тюкать, хлопнуть;ˈšl’opat’, ˈstukat’, ˈt’ukat’, ˈxlopnut’
boot;/buːt/;С;наносить сильный удар ногой;пнуть, (ударить) ботинком, лягать, (дать) пенделя;pnut’, baˈt’inkam, l’iˈgat’, ˈp’en’d’il’a
bounce;/baʊns/;I;отскакивать после столкновения с чем-либо;подпрыгивать, отскакивать, ударяться;patˈprыg’ivat’, atˈskak’ivat’, udaˈr’aca
bound;/baʊnd/;IC;быстро передвигаться длинными прыжками;прыгать, скакать, нестись, подпрыгивать, бежать;ˈprыgat’, skaˈkat’, n’is’ˈt’is’, patˈprыg’ivat’, b’iˈžat’
brandish;/ˈbræn.dɪʃ/;FIC;махать чем-либо в воздухе в угрожающей манере;махать, размахивать, потрясать, замахиваться, угрожать;maˈxat’, razˈmax’ivat’, patr’iˈsat’, zaˈmax’ivaca, ugraˈžat’
brawl;/brɔːl/;F;шумно драться в беспорядочной и бесконтрольной форме;ссориться, драться, буянить, ругаться, скандалить, бузить;ˈsor’ica, ˈdraca, buˈjan’it’, ruˈgaca, skanˈdal’it’, buˈz’it’
break;/breɪk/;F;ломать что-либо на два или более кусочков;ломать, разбивать, разрушать, рвать, раскалывать, колоть, крушить, бить, рушить, коверкать, раздалбывать, расколачивать;laˈmat’, razb’iˈvat’, razruˈšat’, rvat’, rasˈkalыvat’, kaˈlot’, kruˈšit’, b’it’, ˈrušыt’, kaˈv’erkat’, razˈdalbavat’, raskaˈlačivat’
breeze;/briːz/;F;быстро, уверенно двигаться куда-либо;мчаться, бежать, проскакивать, проходить;ˈm’čaca, b’iˈžat’, praˈskak’ivat’, praxaˈd’it’
bring;/brɪŋ/;FIC;нести или приносить куда-либо предмет или лицо;приносить, доставлять, приводить, привозить, притаскивать, влечь, вести, везти, брать (с собой), приволакивать;pr’inaˈsit’, dastaˈvl’at’, pr’iˈvad’it’, pr’ivaˈz’it’, pr’iˈtask’ivat’, vl’eč, v’iˈst’i, v’iˈst’i, brat’, pr’ivaˈlak’ivat’
buck;/bʌk/;I;прыжок коня, сопровождающийся движением задних копыт в воздухе;(становиться на) дыбы, брыкаться, взбрыкиваться, противиться;dыˈbы, brыˈkaca, ˈvzbrыk’ivaca, pr’aˈt’iv’ica
buff;/bʌf/;IC;выстреливать, бросаться, мчаться, спасаться, сбегать, убегать, драпать, (давать) дёру, удирать, уныривать, улепётывать;полировать, лощить, шлифовать, глянцевать, драить;pal’iraˈvat’, laˈšit’, šl’ifaˈvat’, gl’an’cыˈvat’, ˈdrait’
buffet;/ˈbʌf.ɪt/;IC;наносить тяжелые, последовательные удары;ударять, швырять, бросать, хлестать, бить, шандарахать;udaˈr’at’, švыˈr’at’, braˈsat’, xl’isˈtat’, b’it’, šandaˈraxat’
bumble;/ˈbʌmbl̩/;C;беспорядочно двигаться или говорить;запинаться, заикаться, путаться, конфузиться, смутиться;zap’iˈnaca, zaiˈkaca, ˈputaca, kanˈfuz’ica, smuˈt’ica
bump;/bʌmp/;IC;ударяться обо что-либо с силой;ударять, ударяться, толкать, натолкнуться, налетать, стукать, стукаться, ушибить, ушибаться, врезать, врезаться;udaˈr’at’, udaˈr’aca, talˈkat’, nataˈlknuca, nal’iˈtat’, ˈstukat’, ˈstukaca, uˈšыb’it’, ušыˈbaca, vr’iˈzat’, vr’iˈzaca
bundle;/ˈbʌn.dl̩/;IC;толкать или класть лицо или предмет быстро и грубо;связывать (в узел), собирать, укладывать, пихать, совать, толкать, закутывать, обвертывать, упаковывать;ˈs’v’azыvat’, sab’iˈrat’, ukˈladыvat’, p’iˈxat’, saˈvat’, talˈkat’, zaˈkutыvat’, abˈv’ortыvat’, upaˈkovыvat’
bung;/bʌŋ/;IC;неаккуратно убирать;затыкать, швырять, закупоривать, закрывать, бросить;zatыˈkat’, švыˈr’at’, zakuˈpor’ivat’, zakrыˈvat’, ˈbros’it’
burrow;/ˈbʌr.əʊ/;F;выкапывать нору в земле;рыть, (делать) нору, копаться;rыt’, naˈru, kaˈpaca
butt;/bʌt/;I;наносить сильный удар головой или рогами;ударять (головой), натыкаться, бодать, пырять, таранить;udaˈr’at’, natыˈkaca, baˈdat’, pыˈr’at’, taˈran’it’
canter;/ˈkæn.tər/;IC;легкий галоп лошади;(ехать лёгким) галопом, (ехать) кентером, галопировать, скакать;gaˈlopam, ˈk’enteram, galaˈp’iravat’, skaˈkat’
caper;/ˈkeɪ.pər/;I;бежать и прыгать в счастливой, энергичной манере;прыгать, дурачиться, скакать, пританцовывать;ˈprыgat’, duˈračica, skaˈkat’, pr’itanˈcovыvat’
careen;/kəˈriːn/;F;быстро идти вперёд, двигаясь из стороны в сторону;килевать, крениться, отклоняться, качаться, колебаться, пошатываться, гнуться (в сторону);k’il’iˈvat’, kr’iˈn’ica, atklaˈn’aca, kaˈčaca, kal’iˈbaca, paˈšatыvaca, ˈgnuca
career;/kəˈrɪər/;F;двигаться быстро и часто бесконтрольно, особенно в автомобиле;быстро (двигаться), нестись, мчаться, гнать, (двигаться во весь) опор, бежать ;ˈbыstra, n’is’ˈt’is’, ˈm’čaca, gnat’, aˈpor, b’iˈžat’
caress;/kəˈres/;F;нежно касаться или целовать кого-либо ;ласкать, гладить, голубить, нежничать;laˈskat’, ˈglad’it’, gaˈlub’it’, ˈn’ežn’ičat’
carry;/ˈkær.i/;F;двигать предмет или лицо куда-либо;возить, носить, брать, держать, таскать, тащить, иметь, водить;vaˈz’it’, naˈs’it’, brat’, d’irˈžat’, taˈskat’, taˈš’it’, ˈ’im’et’, vaˈd’it’
cart;/kɑːt/;F;брать куда-либо (затрачивая большие усилия);ехать, возить, провозить, подвозить, тащить, таскать;ˈjexat’, vaˈz’it’, pravaˈz’it’, padvaˈz’it’, taˈš’it’, taˈskat’
carve;/kɑːv/;FI;создавать что-либо из камня или дерева;вырезать, резать, высекать, делить, дробить, разделывать, пробивать, разделять, ваять, вырубать, вытачивать, выпиливать;vыr’iˈzat’, ˈr’ezat’, vыs’iˈkat’, d’iˈl’it’, draˈb’it’, razˈd’elыvat’, prab’iˈvat’, razdel’at’, vaˈjat’, vыruˈbat’, vыˈtačivat’, vыˈp’il’ivat’
cast;/kɑːst/;IC;кидать что-либо;бросать, кидать, швырять, метать, ронять;braˈsat’, k’iˈdat’, švыˈr’at’, m’iˈtat’, raˈn’at’
catch;/kætʃ/;I;ловить что-либо, кого-либо;ловить, поймать, хватать, улавливать, захватывать, задерживать, застигать, выуживать, цеплять;laˈv’it’, pajˈm’at’, xvaˈtat’, uˈlavl’ivat’, zaxˈvat’ыvat’, zaˈd’erživat’, zast’iˈgat’, vыˈuživat’, ciˈpl’at’
cavort;/kəˈvɔːt/;C;прыгать или хаотично двигаться (часто в шумной, игривой манере);прыгать, скакать, кувыркаться, резвиться;ˈprыgat’, skaˈkat’, kuvыrˈkaca, r’izˈv’ica
charge;/tʃɑːdʒ/;FIC;двигаться вперед к чему-либо быстро и упорно;бросаться, атаковать, бежать, штурмовать, наседать, набрасываться, нападать, напирать;braˈsaca, atakaˈvat’, b’iˈžat’, šturmaˈvat’, nas’iˈdat’, nabˈrasыvaca, napaˈdat’, nap’iˈrat’
chase;/tʃeɪs/;C;торопиться, бежать в разных направлениях;гнаться, охотиться, преследовать, гоняться, догонять, разыскивать, бежать;ˈgnaca, aˈxot’ica, pr’isˈl’edavat’, gaˈn’aca, dagaˈn’at’, raˈzыsk’ivat’, b’iˈžat’
chatter;/ˈtʃæt.ər/;I;многократно стучать друг о друга;стучать, дребезжать, дрожать, вибрировать, лязгать, клацать;stuˈčat’, dr’ib’iˈžat’, draˈžat’, v’ibˈr’iravat’, ˈl’azgat’, ˈklacat’
chew;/tʃuː/;C;пережёвывать пищу;жевать, пережёвывать, прожёвывать, грызть, есть;žыˈvat’, p’ir’iˈžovыvat’, proˈžovыvat’, grыzt’, jest’
chip;/tʃɪp/;I;обламывать что-либо, обыкновенно случайно;откалывать, отламывать, обламывать, бить, разламывать, отбивать, разбивать, колоть, отрубать, скалывать;atˈkalыvat’, atˈlamыvat’, abˈlamыvat’, b’it’, razˈlamыvat’, atb’iˈvat’, razb’iˈvat’, kaˈlot’, atruˈbat’, ˈskalыvat’
chomp;/tʃɒmp/;IC;шумно пережёвывать;чавкать, хрупать, (громко) жевать, есть;ˈčafkat’, ˈxrupat’, žыˈvat’, jest’
chop;/tʃɒp/;I;разделять что-либо на куски топором, ножом или другим острым инструментом;рубить, нарезать, резать, крошить, отрезать, долбить, колотить, шинковать, сечь, раскалывать;ruˈb’it’, nar’iˈzat’, ˈr’ezat’, kroˈšыt’, atr’eˈzat’, dalˈb’it’, kalaˈt’it’, šыnkaˈvat’, s’eč, raskalыvat’
chuck;/tʃʌk/;I;неаккуратно бросать;бросать, швырять, кидать, выкидывать, выбрасывать;braˈsat’, švыˈr’at’, k’iˈdat’, vыˈk’idыvat’, vыˈbrasыvat’
chunder;/ˈtʃʌn.dər/;IC;извергать ртом содержимое желудка;блевать, (страдать) рвотой, тошнить;bl’iˈvat’, ˈrvotaj, tašˈn’it’
clamber;/ˈklæm.bər/;IC;подниматься, перелезать или влезать с трудом;карабкаться, цепляться, взбираться, виться, взгромождаться, пробиваться, лезть, перелезать;kaˈrapkaca, cipˈl’aca, vz’b’iraca, ˈv’ica, vzgramažˈdaca, prab’iˈvaca, l’est’, p’ir’il’iˈzat’
clap;/klæp/;I;наносить легкие удары или хлопать по плечу или спине в дружеской манере;хлопать, бить, шлёпать;ˈxlopat’, b’it’, ˈšl’opat’
clash;/klæʃ/;IC;биться, спорить;сталкиваться, стукаться, расходиться (взглядами), ссориться, ударяться, схлёстываться, конфликтовать, биться, скрещиваться;ˈstalk’ivaca, ˈstukaca, rasxaˈd’ica, ˈsor’ica, udaˈr’aca, ˈsxl’ostыvaca, kanfl’iktaˈvat’, ˈb’ica, ˈskr’ešivaca
climb;/klaɪm/;IC;с трудом достигать удаленного места или покидать его;подниматься, карабкаться, влезать, взбираться, восходить, забираться, преодолевать, штурмовать;padn’iˈmaca, kaˈrapkaca, vl’iˈzat’, vz’b’iˈraca, vasxaˈd’it’, zab’iˈraca, pr’iadal’iˈvat’, šturmaˈvat’
clip;/klɪp/;I;отрезать что-либо ножницами или схожим острым инструментом;стричь, обрезать, отрезать, обрывать, подстригать, подрезать, отделять;str’ič, abr’iˈzat’, atr’iˈzat’, abr’ivat’, pactr’igat’, padr’izat’, atd’il’at’
clobber;/ˈklɒb.ər/;I;наносить сильные многочисленные удары;избивать, колошматить, громить, колотить, поражать, разносить, ударять, бить, мутузить, дубасить, накостылять, мочить;izb’iˈvat’, kalašˈmat’it’, graˈm’it’, kalaˈt’it’, paraˈžat’, raznaˈs’it’, udaˈr’at’, b’it’, muˈtuz’it’, duˈbas’it’, nakastыˈl’at’, ˈmučit’
clock;/klɒk/;I;бить кого-либо, особенно по голове или лицу;ударять, бить, двигать (в лицо), давать (в лицо), заехать (в лицо), стукнуть, настучать, начистить, влеплять, вмазывать, тюкать;udaˈr’at’, b’it’, dv’igat’, daˈvat’, zaˈjexat’, ˈstuknut’, nastuˈčat’, naˈčist’it’, vl’ipˈl’at’, ˈvmazыvat’, ˈt’ukat’
close;/kləʊz/;IC;закрывать;закрывать, прекращать, кончать, заканчивать, заключать, затворять, прикрывать, притворять, завершать, запирать, смыкать;zakrыˈvat’, pr’ikraˈšat’, kan’ˈčat’, zaˈkan’čivat’, zakl’uˈčat’, zatvaˈr’at’, pr’ikrыˈvat’, pr’itvaˈr’at’, zav’ir’iˈšat’, zap’iˈrat’, smыˈkat’
clout;/klaʊt/;IC;бить кого-либо рукой или тяжелым предметом;(давать) затрещину, ударять, бить;zaˈtr’eš’inu, udaˈr’at’, b’it’
clump;/klʌmp/;IC;ходить шумно медленными шагами;ступать, неуклюже (ходить), топать;stuˈpat’, n’iuˈkl’uža, ˈtopat’
coast;/kəʊst/;IC;медленно двигаться на автомобиле, обыкновенно вниз с горы;спускаться, катиться, (ехать) накатом, лететь;spusˈkaca, kaˈt’ica, naˈkatam, l’iˈt’et’
cock;/kɒk/;I;выставить конечность вверх в определенном направлении;поднимать, заламывать, взводить, замахивать, вскидывать, задирать, загибать;padn’iˈm’at’, zaˈlamыvat’, vzvaˈd’it’, zaˈmax’ivat’, fsˈk’idыvat’, zad’iˈrat’, zag’iˈbat’
collapse;/kəˈlæps/;-;внезапно падать из-за недостатка сил или поддержки;рушиться, обваливаться, сваливаться, падать, валиться, (испытывать) коллапс, (терпеть) крах, обессиливать, проваливаться, проламываться, (заканчиваться) провалом, терять (сознание), разваливаться, изнемогать;ˈrušыca, abˈval’ivaca, ˈsval’ivaca, ˈpadat’, vaˈl’ica, kaˈlaps, krax, ab’iˈs’il’ivat’, praˈval’ivaca, praˈlamыvaca, praˈvalam, t’iˈr’at’, razˈval’ivaca, izn’imaˈgat’
collect;/kəˈlekt/;-;приносить что-либо куда-либо;собирать, отбирать, накапливать, забирать, взимать, подбирать, получать, набирать;sab’iˈrat’, atb’iˈrat’, naˈkapl’ivat’, zab’iˈrat’, v’z’iˈmat’, padb’iˈrat’, paluˈčat’, naˈb’iˈrat’
collide;/kəˈlaɪd/;-;сильно ударяться обо что-либо;сталкиваться, стукаться, врезаться, наскакивать, впечатываться, ударяться, налетать, сшибаться;ˈstal’k’ivaca, ˈstukaca, vr’iˈzaca, nasˈkak’ivat’, v’p’iˈčatыvaca, udaˈr’aca, nal’iˈtat’, sšыˈbaca
come;/kʌm/;C;двигаться к говорящему или вместе с говорящим;приходить, подходить, идти, прибывать, приезжать, доходить, достигать, равняться, приближаться, добираться, появляться, подступать, заходить, близиться;pr’ixaˈd’it’, padxaˈd’it’, ˈit’i, pr’ib’iˈvat’, pr’iiˈžat’, daxaˈd’it’, dast’iˈgat’, ravˈn’aca, pr’ibl’iˈžaca, dab’iˈraca, paiˈvl’aca, pactuˈpat’, zaxaˈd’it’, ˈbl’iz’ica
commute;/kəˈmjuːt/;-;совершать регулярные поездки от дома до места работы;(ежедневно) ездить (на работу), совершать (регулярные поездки на работу), добираться (на работу);ˈjez’d’it’, sav’irˈšat’, dab’iˈraca
concuss;/kənˈkʌs/;-;оглушать кого-либо;оглушать, сотрясать, контузить;agluˈšat’, satr’iˈsat’, kanˈtuz’it’
conk;/kɒŋk/;IC;ударять кого-либо, обыкновенно тяжелым предметом по голове;давать (по голове), стукать (по голове), ударять;daˈvat’, ˈstukat’, udaˈr’at’
connect;/kəˈnekt/;-;соединять что-либо с чем-либо;соединять, соединяться, связывать, связываться, сочетать, сочетаться, привязывать, привязываться, состыковывать, состыковываться, смыкать, смыкаться;said’iˈn’at’, said’iˈn’aca, ˈsv’azыvat’, ˈsv’azыvaca, sačiˈtat’, sačiˈtaca, pr’iˈv’azыvat’, pr’iˈv’azыvaca, sastыkaˈvat’, sastыkaˈvaca, smыˈkat’, smыˈkaca
contort;/kənˈtɔːt/;-;заставлять что-либо изменить форму на более неестественную;искривлять, искажать, деформировать, коверкать, кривить, корчить, сгибать, скручивать;iskr’iˈvl’at’, iskaˈžat’, d’ifarˈm’iravat’, kaˈv’erkat’, kr’iˈv’it’, ˈkor’čit’, sg’iˈbat’, ˈskručivat’
convey;/kənˈveɪ/;-;брать или нести что-либо или кого-либо в конкретное место;перевозить, переправлять, транспортировать, доставлять, доводить;p’irivaˈz’it’, p’ir’ipravˈl’at’, transparˈt’iravat’, dastavˈl’at’, davaˈd’it’
convoy;/ˈkɒn.vɔɪ/;-;передвигаться в сопровождении специального транспорта или группы людей в целях безопасности;сопровождать, конвоировать, охранять, сопутствовать, этапировать;sapravažˈdat’, kanvaˈiravat’, axraˈn’at’, saˈpuctvavat’, itaˈp’iravat’
convulse;/kənˈvʌls/;-;трястись или заставлять что-либо сильно трястись;задрожать, (вызывать или испытывать) судороги, (вызывать или испытывать) конвульсии, взволновать, корчить, корчиться, трясти, трястись, дёргать, передёргиваться, крючить, крючиться;zadraˈžat’, ˈsudaragi, kanˈvul’s’ii, vzvalnaˈvat’, ˈkor’čit’, ˈkor’čica, tr’iˈst’i, tr’iˈst’is’, ˈd’orgat’, p’iriˈd’orgыvaca, ˈkr’učit’, ˈkr’učica
course;/kɔːs/;F;течь быстро и в больших количествах;бежать, течь, литься, нестись, быстро (двигаться);biˈžat’, t’eč, ˈl’ica, n’isˈt’is’, ˈbыstra
cower;/ˈkaʊ.ər/;F;опускать голову или все тело в страхе;сжиматься, съёживаться, пригибаться, забиваться, трепетать, припадать;sžiˈmaca, ˈs’ožыvaca, pr’ig’iˈbaca, zab’iˈvaca, tr’ip’iˈtat’, pr’iˈpaˈdat’
crack;/kræk/;FI;ударять кого-либо или что-либо;(давать) затрещину, трескать, трескаться, ломать, ломаться, щелкать, надкалывать, раскалываться, раскалывать, разбивать;zaˈtr’eš’inu, ˈtr’eskat’, ˈtr’eskaca, laˈmat’, laˈmaca, ˈš’olkat’, naˈdkalыvat’, rasˈkalыvaca, rasˈkalыvat’, razb’iˈvat’
cram;/kræm/;FIC;силой помещать предметы в узкое пространство;впихивать, втискивать, вбивать, втолковывать, вталкивать, напихивать, набивать, загромождатьзабивать, заполнять, громоздить;ˈvp’ix’ivat’, ˈvt’iskivat’, v’b’iˈvat’, ftalˈkovыvat’, ˈftalk’ivat’, naˈp’ix’ivat’, nab’iˈvat’, zagramažˈdat’, zab’iˈvat’, zapalˈn’at’, gramaˈz’d’it’
crash;/kræʃ/;FC;ударять что-либо с громким шумом;падать, рушиться, грохотать, разбивать, (потерпеть) крушение, рухать, валиться, наскакивать, отрубаться;ˈpadat’, ˈrušыca, graxaˈtat’, razˈb’ivat’, kruˈšen’ije, ˈruxat’, vaˈl’ica, naˈskak’ivat’, atruˈbaca
crawl;/krɔːl/;F;двигаться медленно и с трудом, особенно на всех четырех конечностях или лежа на животе;ползти, пресмыкаться, тащиться, подкрадываться, лезть, подлезать, красться, стелиться;palˈst’i, pr’ismыˈkaca, taˈš’ica, patˈkradыvaca, l’est’, padl’iˈzat’, ˈkrasca, st’iˈl’ica
creep;/kriːp/;F;двигаться медленно, тихо и аккуратно, чтобы остаться незамеченным;ползать, пресмыкаться, красться, подкрадываться, виться, (идти) крадучись, лазить, проползать, прокрадываться, стелиться;ˈpolzat’, pr’ismыˈkaca, ˈkrasca, patkradыvaca, ˈv’ica, ˈkradučis’, ˈlaz’it’, prapalzat’, praˈkradыvaca, st’iˈl’ica
crimp;/krɪmp/;FIC;склдаывать ткань, бумагу и проч. в небольшие складки;складывать, завивать, сгибать, сжимать, спрессовывать, загибать, гнуть, (делать) складки, отгибать;ˈskladыvat’, zav’iˈvat’, sg’iˈbat’, sžыˈmat’, spr’iˈsovavat’, zag’iˈbat’, gnut’, ˈsklatk’i, atg’iˈbat’
crook;/krʊk/;F;сгибать руку или палец;сгибать, изгибать, искривлять, скрючивать, горбить, крючить, корючить;sg’iˈbat’, izg’iˈbat’, ’iskr’iˈvl’at’, ˈskr’učivat’, garˈb’it’, ˈkr’učit’, kaˈr’učit’
crop;/krɒp/;F;укорачивать что-либо, особенно острым предметом ;подстригать, обрезать, подрезать, стричь, остригать, выжинать, щипать, срезать, жать, косить, отсекать, отрезать;pactr’iˈgat’, abr’eˈzat’, padr’eˈzat’, štr’ič, astr’iˈgat’, vыžыˈnat’, š’iˈpat’, sr’eˈzat’, žat’, kaˈs’it’, at’s’iˈkat’, atr’eˈzat’
cross;/krɒs/;FIC;идти с одного конца какого-либо места до другого;пересекать, переходить, переправляться, скрещивать, пересекаться, расходиться, перебегать, переступать, перешагивать;p’ir’is’iˈkat’, p’ir’ixaˈd’it’, p’ir’ipraˈvl’aca, ˈskr’eš’ivat’, p’ir’is’iˈkaca, r’asxaˈd’ica, p’ir’ib’iˈgat’, p’ir’istuˈpat’, p’ir’iˈšag’ivat’
cruise;/kruːz/;F;путешествовать на корабле ради удовольствия;(совершать) рейсы, путешествовать, (совершать) плавание, крейсировать, следовать;ˈr’ejsы, put’iˈšestvavat’, ˈplavan’e, kr’ijs’iraˈvat’, ˈsl’edavat’
crumble;/ˈkrʌm.bl̩/;FIC;ломать что-либо на мелкие кусочки;крошить, крошиться, осыпаться, обваливаться, раздроблять, толочь, растирать, распадаться, разрушать, разрушаться, искрошить, ломать, ломаться;kraˈšit’, kraˈšica, asыˈpaca, abˈval’ivaca, razdraˈb’l’at’, taˈloč, rast’iˈrat’, raspaˈdaca, razruˈšat’, razruˈšaca, iskraˈšыt’, laˈmat’, laˈmaca
crumple;/ˈkrʌm.pl̩/;FIC;резко падать на землю;сваливаться, рухнуть, падать, съеживаться, рушиться, обрушиваться ;ˈsval’ivaca, ˈruxnut’, ˈpadat’, ˈs’ožыvaca, ˈrušыca, aˈbrušыvaca
crunch;/krʌntʃ/;FC;громко пережевывать твердую еду, издавать звук хруста, ломания чего-либо;грызть, хрустеть, трещать, скрипеть, разжевывать, хрумкать, разламывать, хряснуть, хрупать;grыst’, xrusˈt’et’, tr’iˈš’at’, skr’iˈp’et’, raˈževыvat’, ˈxrumkat’, raˈzlamыvat’, ˈxr’asnut’, ˈxrupat’
crush;/krʌʃ/;FC;сжимать предмет так сильно, чтобы он сломался, потерял форму;давить, дробить, толочь, размельчать, выжимать, мять, крушить, измельчать, расщебенивать, уничтожать, разрушать, сдавливать;daˈv’it’, draˈb’it’, taˈloč, razm’il’ˈčat’, vыžыˈmat’, m’at’, kruˈšыt’, ’izm’il’ˈčat’, raš’iˈb’en’ivat’, un’ičtaˈžat’, razruˈšat’, ˈsdavl’ivat’
cuff;/kʌf/;IC;слегка ударять что-либо рукой часто в шуточной манере;ударять, шлепать, стукать, тузить, тюкать;udaˈr’at’, ˈšl’opat’, ˈstukat’, ˈtuz’it’, ˈt’ukat’
curve;/kɜːv/;F;образовывать заворот;гнуть, сгибать, изгибать, изгибаться, гнуться, сгибаться, горбиться, кривить, искривляться, искривлять, загибать, загибаться;gnut’, sg’iˈbat’, izg’iˈbat’, izg’iˈbaca, ˈgnuca, sg’iˈbaca, ˈgorb’ica, kr’iˈv’it’, iskr’iˈvl’aca, iskr’iˈvl’at’, zag’iˈbat’, zag’iˈbaca
cut;/kʌt/;I;разделять что-либо, делать меньше, используя острый инструмент;резать, отрезать, стричь, рубить, разрезать, надрезать, нарезать, рубить, срезать, колоть, разрубать;ˈr’ezat’, atr’iˈzat’, štr’ič, ruˈb’it’, razr’iˈzat’, nadr’iˈzat’, nar’iˈzat’, ruˈb’it’, sr’eˈzat’, kaˈlot’, razruˈbat’
dab;/dæb/;I;трогать быстрыми и легкими касаниями;прикасаться, намазывать, покрывать, (делать) мазки, тыкать, покрывать, трогать, дотрагиваться, наносить, касаться;pr’ikaˈsaca, naˈmazыvat’, pakr’iˈvat’, masˈk’i, ˈtыkat’, pakr’iˈvat’, ˈtrogat’, ˈdaˈtrag’ivaca, nanaˈs’it’, kaˈsaca
dabble;/ˈdæb.l̩/;I;опускать конечность воду и двигать ею;плескать, плескаться, брызгать, брызгаться, барахтаться, опрыскивать, орошать, бултыхаться, полоскать;pl’isˈkat’, pl’isˈkaca, ˈbrыzgat’, ˈbrыzgaca, baˈraxtaca, aˈprыsk’ivat’, araˈšat’, bultыˈxaca, palaˈskat’
dance;/dɑːns/;C;двигаться под музыку;танцевать, плясать, прыгать, скакать, кружиться, отплясывать;tancыˈvat’, pl’iˈsat’, ˈprыgat’, skaˈkat’, kruˈžыca, atˈpl’asыvat’
dandle;/ˈdæn.dl̩/;IC;держать ребенка на коленях, покачивая его;качать, ласкать, нянчить, холить, нежить;kaˈčat’, laˈskat’, ˈn’ančit’, ˈxolit’, ˈn’ežыt’
dart;/dɑːt/;F;двигаться быстро или резко;мчаться, помчаться, устремляться, метаться, рваться, бросаться, бежать, стрельнуть, шмыгать, шпарить;ˈmčaca, paˈmčaca, ustr’iˈml’aca, m’iˈtaca, ˈrvaca, braˈsaca, b’iˈžat’, ˈstr’el’nut’, ˈšmыgat’, ˈšpar’it’
dash;/dæʃ/;IC;быстро идти куда-либо;бросаться, рваться, мчаться, носиться, (делать) рывок, швыряться, мелькать, пускаться;braˈsaca, ˈrvaca, ˈmčaca, naˈs’ica, rыˈvok, švыˈr’aca, m’il’ˈkat’, puˈskaca
dawdle;/ˈdɔː.dl̩/;IC;делать что-либо или идти куда-либо крайне медленно, тратя больше времени, чем требуется;слоняться, бездельничать, тащиться, копаться, возиться, мешкать, медлить, плестись, брести, дремать;slaˈn’aca, b’iˈzd’el’n’ičat’, taˈš’ica, kaˈpaca, vaˈz’ica, ˈm’eškat’, ˈm’edl’it’, pl’iˈst’is’, br’iˈst’i, dr’iˈmat’
deck;/dek/;I;ударять кого-либо, особенно сбивая его с ног;уложить, валить (с ног), вырубать, сбивать (с ног);ulaˈžыt’, vaˈl’it’, vыruˈbat’, sb’iˈvat’
delve;/delv/;I;продолжительно искать что-либо (предмет или информацию);рыться, копаться, (делать) изыскания, погружаться, углубляться, изучать, анализировать;ˈrыca, kaˈpaca, izыˈskan’ija, pagruˈžaca, ugluˈb’l’aca, ’izuˈčat’, anal’iˈz’iravat’
dent;/dent/;IC;делать маленькую выемку на поверхности чего-либо;насекать, нарезать, вминать, (оставлять) выбоину, вонзать, вдавливать, (делать) зарубок;nas’iˈkat’, nar’iˈzat’, vm’iˈnat’, ˈvыbainu, vanˈzat’, ˈvdavl’ivat’, zaˈrubak
depart;/dɪˈpɑːt/;F;уходить, покидать что-либо, обыкновенно отправляясь в поездку;уходить, уезжать, отбывать, отправляться, отступать, выезжать, покидать, убираться, ретироваться;uxaˈd’it’, ujiˈžat’, atbыˈvat’, atpraˈvl’aca, actuˈpat’, vыjiˈžat’, pak’iˈdat’, ub’iˈraca, r’iˈt’iravaca
descend;/dɪˈsend/;IC;спускаться, идти вниз;спускаться, сходить, снижаться, опускаться, падать, скатываться;spuˈskaca, sxaˈd’it’, sn’iˈžaca, apuˈskaca, ˈpadat’, ˈskatыvaca
dig;/dɪɡ/;IC;копать;копать, рыть, выкапывать, раскапывать, откапывать, вырывать, вонзать, копаться, прокапывать;kaˈpat’, rыt’, vыˈkapыvat’, raˈskapыvat’, atˈkapыvat’, vыrыˈvat’, vanˈzat’, kaˈpaca, praˈkapыvat’
ding;/dɪŋ/;IC;слегка повреждать поверхность предмета ударом;ломать, разбивать, повреждать, (оставлять) вмятину, вбивать, вдалбливать;laˈmat’, razb’iˈvat’, pavr’ižˈdat’, ˈvm’at’inu, v’b’iˈvat’, ˈvdalbl’ivat’
dip;/dɪp/;I;идти, спускаться на уровень ниже;погружать, погружаться, окунать, окунаться, нырять, спускаться, спускать, опускаться, опускать, зачерпывать, черпать;pagruˈžat’, pagruˈžaca, akuˈnat’, akuˈnaca, nыˈr’at’, spuˈskaca, spuˈskat’, apuˈskaca, apuˈskat’, zaˈčorpыvat’, čerˈpat’
disinter;/ˌdɪs.ɪnˈtɜːr/;IC;выкапывать тело из земли;выкапывать (из могилы), откапывать, отрывать, раскапывать, вскрывать;vыˈkapыvat’, atˈkapыvat’, atrыˈvat’, rasˈkapыvat’, fskrыˈvat’
dislodge;/dɪˈslɒdʒ/;I;убирать кого-либо с места силой;удалять, смещать, вытеснять, выгонять, выбивать, заставлять (уйти), изгонять, выживать, сдвигать;udaˈl’at’, sm’iˈš’at’, vыt’isˈn’at’, vыgaˈn’at’, vыb’iˈvat’, zastavˈl’at’, ’izgaˈn’at’, vыžыˈvat’, sdv’iˈgat’
dismount;/dɪˈsmaʊnt/;IC;слезать с лошади, велосипеда, мотоцикла;спешиваться, слезать, сходить, спускаться, высаживаться, соскакивать, опускаться;ˈsp’ešыvaca, sl’iˈzat’, sxaˈd’it’, spuˈskaca, vыˈsažыvaca, saˈskak’ivat’, apuˈskaca
dissect;/daɪˈsekt/;I;вскрывать мертвое тело, чтобы изучить его структуру;рассекать, вскрывать, анатомировать, разрезать;rass’iˈkat’, fskrыˈvat’, anataˈm’iravat’, razr’iˈzat’
dive;/daɪv/;C;очень быстро двигаться вниз;нырять, погружаться, пикировать, бросаться (вниз), углубляться, окунаться;nыˈr’at’, pagruˈžaca, p’iˈk’iravat’, braˈsaca, ugluˈbl’aca, akuˈnaca
dock;/dɒk/;I;удалять часть чего-либо;обрубать, стричь, уменьшать, сокращать, лишать, урезать, остригать, укорачивать;abruˈbat’, str’ič, um’in’ˈšat’, sakraˈš’at’, l’iˈšat’, ur’iˈzat’, astr’iˈgat’, ukaˈračivat’
dodge;/dɒdʒ/;I;уклоняться от удара, уходя в сторону;избегать, увертываться, уклоняться, увиливать, маневрировать, уворачиваться, петлять;’izb’iˈgat’, uˈv’ortыvaca, uklaˈn’aca, uˈv’ilivat’, man’iˈvr’iravat’, uvaˈračыvaca, p’itˈl’at’
doff;/dɒf/;IC;снимать шляпу в знак уважения;снимать, сбрасывать, скидывать, избавляться;sn’iˈmat’, ˈsbrasыvat’, ˈsk’idыvat’, ’izbavˈl’aca
don;/dɒn/;IC;надевать предмет одежды;надевать, примерять, одевать, одеваться, натягивать, нацеплять, облачаться;nad’iˈvat’, pr’im’iˈr’at’, ad’iˈvat’, ad’iˈvaca, naˈt’ag’ivat’, nacыpˈl’at’, ablaˈčaca
drag;/dræɡ/;F;двигать что-либо, таща это по поверхности зесли;тащить, тащиться, волочить, волочиться, тянуть, тянуться, тащить (волоком);taˈš’it’, taˈš’ica, valaˈčit’, valaˈčica, t’iˈnut’, t’iˈnuca, taˈš’it’
draw;/drɔː/;F;двигаться в определенном направлении;тащиться, отводить, тянуться, волочить, волочиться, тащить, тянуть, натягивать;taˈš’ica, atvaˈd’it’, t’iˈnuca, valaˈčit’, valaˈčica, taˈš’it’, t’inut’, naˈt’ag’ivat’
dribble;/ˈdrɪb.l̩/;F;течь в небольшом количестве;капать, лить (по капле), пускать (по капле), сочиться, течь (струйкой), подтекать, покапывать;ˈkapat’, l’it’, puˈskat’, saˈčica, t’eč, patt’iˈkat’, paˈkapыvat’
drift;/drɪft/;FIC;медленно двигаться из-за чьего-то вмешательства;перемещаться (по течению), дрейфовать, плыть (по течению), сносить, сдвигаться;p’ir’im’iˈš’aca, dr’ijfaˈvat’, plыt’, snaˈs’it’, sdv’iˈgaca
drink;/drɪŋk/;FIC;пить;пить, выпивать, (делать) глоток, отпивать, хлебать, испивать, пропивать;p’it’, vыp’iˈvat’, glaˈtok, atp’iˈvat’, xl’iˈbat’, isp’iˈvat’, prap’iˈvat’
drip;/drɪp/;FI;падать каплями;капать, течь, стекать, истекать, слезиться, сочиться, покапывать;ˈkapat’, t’eč, st’iˈkat’, ist’iˈkat’, sl’iˈz’ica, saˈčica, paˈkapыvat’
drive;/draɪv/;F;передвигаться на автомобиле;гнать, управлять, ехать, двигаться, нестись, возить, водить, вести;gnat’, upraˈvl’at’, ˈjexat’, ˈdv’igaca, n’iˈst’is’, vaˈz’it’, vaˈd’it’, v’iˈst’i
drizzle;/ˈdrɪzl/;F;выливать жидкость на что-либо тонкой струей;моросить, капать, лить (по каплям), накрапывать, опрыскивать;maraˈs’it’, ˈkapat’, l’it’, naˈkrapыvat’, aˈprыsk’ivat’
drop;/drɒp/;FI;падать самому или ронять что-либо;падать, ронять, спадать, выпускать (из рук), терять, бросать;ˈpadat’, raˈn’at’, spaˈdat’, vыpusˈkat’, t’iˈr’at’, braˈsat’
duck;/dʌk/;I;двигать голову или верхнюю часть туловища, уклоняясь от чего-либо;нырять, окунать, окунаться, уклоняться, увертываться, нагнуться, нагнуть, наклоняться, уворачиваться, отклоняться;nыˈr’at’, akuˈnat’, akuˈnaca, uklaˈn’aca, uˈv’ortыvaca, naˈgnuca, naˈgnut’, naklaˈn’aca, uvaˈračivaca, atklaˈn’aca
dump;/dʌmp/;IC;неаккуратно класть или ронять что-либо;сбрасывать, сваливать, опрокидывать, ронять, бросать, оставлять, вываливать, разгружать, скидывать, выливать, опорожнять, опрокидывать, валить, выгружать;ˈsbrasыvat’, ˈsval’ivat’, apraˈk’idыvat’, raˈn’at’, braˈsat’, astaˈvl’at’, vыˈval’ivat’, razgruˈžat’, ˈsk’idыvat’, vыl’iˈvat’, aparažˈn’at’, vaˈl’it’, vыgruˈžat’
dunk;/dʌŋk/;IC;опускать еду в жидкость перед тем как съесть;макать, обмакивать, окунаться, замачивать, окунать, топить ;maˈkat’, abˈmak’ivat’, akuˈnaca, zaˈmačivat’, akuˈnat’, taˈp’it’
ease;/iːz/;C;медленно двигать что-либо или двигаться самому в определенном направлении;облегчать, избавлять, освобождать распускать, опускать, опускаться, устраиваться, расслабляться, расслаблять, усесться;abl’ixˈčat’, izbaˈvl’at’, asfabažˈdat’, raspuˈskat’, apuˈskat’, apuˈskaca, usˈtraivaca, raslabˈl’aca, raslaˈbl’at’, uˈs’esca
eat;/iːt/;IC;класть еду в рот, пережевывать и проглатывать ее;есть, поедать, поглощать, питаться, пожирать, грызть, обедать, закусывать, вкушать, употреблять (в пищу), жрать, кормиться, заедаться, объедаться, кушать, принимать (в пищу);jest’, paiˈdat’, paglaˈš’at’, p’iˈtaca, pažыˈrat’, grыst’, ab’eˈdat’, zaˈkusыvat’, fkuˈšat’, upatr’iˈbl’at’, žrat’, karˈm’ica, zaiˈdaca, ab’eˈdaca, ˈkušat’, pr’in’iˈmat’
edge;/edʒ/;I;медленно двигать или двигаться небольшими рывками;пододвигать, продвигаться, пробираться, пролезать, продвигать, пододвигаться;padadv’iˈgat’, pradv’iˈgaca, prab’iˈraca, pral’iˈzat’, pradv’iˈgat’, padadv’iˈgaca
elevate;/ˈel.ɪ.veɪt/;-;поднимать что-либо;поднимать, повышать, возвышать, возносить, повысить;pad’iˈn’imat’, pavыˈšat’, vazvыˈšat’, vazˈnos’it’, pavыˈs’it’
emerge;/ɪˈmɜːdʒ/;F;появляться, выходя откуда-то;появляться, выходить, всплывать, вставать, возникать, подниматься, показываться, выплывать, вырисовываться, проявляться;paiˈvl’aca, vыˈxod’it’, fsplыˈvat’, fstaˈvat’, vaz’n’iˈkat’, pad’iˈmaca, paˈkazыvaca, vыplыˈvat’, vыr’iˈsovыvaca, praiˈvl’aca
engrave;/ɪnˈɡreɪv/;F;наносить слова, картинки, узоры на поверхность чего-либо твердого;гравировать, резать, чеканить, вырезать;grav’iraˈvat’, ˈr’ezat’, čiˈkan’it’, ˈvыr’izat’
enter;/ˈen.tər/;IC;приходить или идти в определенное место;входить, проникать, вонзаться, вступать, заходить, въезжать, заезжать;fxaˈd’it’, pran’iˈkat’, vanˈzaca, fstuˈpat’, zaˈxad’it’, ˈv’ežat’, zaˈježat’
entwine;/ɪnˈtwaɪn/;C;сгибрать что-либо вокруг другого предмета;обвивать, сплетать, сплетаться, вплетать, обхватывать, плести, переплетать, обнимать, овивать;abv’iˈvat’, spl’iˈtat’, spl’iˈtaca, fpl’iˈtat’, apˈxvatыvat’, pl’iˈst’i, p’ir’ipl’iˈtat’, abn’iˈmat’, av’iˈvat’
erase;/ɪˈreɪz/;F;стирать что-либо, особенно след от карандаша;стирать, соскабливать, подчищать, удалять, уничтожать, выскабливать, очищать, затирать, изглаживать, счищать;st’iˈrat’, saˈskabl’ivat’, patčiˈš’at’, udaˈl’at’, un’ičtaˈžat’, vыˈskabl’ivat’, ačiˈš’at’, zat’iˈrat’, izˈglažыvat’, sčiˈš’at’
etch;/eʧ/;I;наносить узор или рисунок на твердую поверхность;гравировать, травить, оставлять (след), вырезать;grav’iraˈvat’, traˈv’it’, astav’ˈl’at’, vыr’iˈzat’
excavate;/ˈek.skə.veɪt/;-;копать землю, чтобы обнаружить что-либ под землей;копать, рыть, выкапывать, откапывать, раскапывать, (вести) раскопки, вырывать;kaˈpat’, rыt’, vыˈkapыvat’, atˈkapыvat’, raˈskapыvat’, rasˈkop’k’i, vыrыˈvat’
excise;/ekˈsaɪz/;-;удалять что-либо, особенно острым предметом;вырезать, отрезать, удалять, ампутировать, отделять;vыr’iˈzat’, atr’iˈzat’, udaˈl’at’, ampuˈt’iravat’, atd’iˈl’at’
exhume;/eksˈhjuːm/;-;выкапывать тело из земли после погребения;эксгумировать, (производить) эксгумацию, выкапывать, вытаскивать, вырыть, откапывать;iksguˈm’iravat’, iksguˈmaciju, vыˈkapыvat’, vыˈtas’k’ivat’, ˈvыrыt’, atˈkapыvat’
exit;/ˈek.sɪt/;-;выходить из дома или транспортного средства;выходить, покидать, уходить, удаляться;vыxaˈd’it’, pak’iˈdat’, uxaˈd’it’, udaˈl’aca
extirpate;/ˈek.stɜː.peɪt/;-;целиком уничтожать или удалять что-либо;искоренять, вырывать, истреблять, удалять, уничтожать, вылущивать, ликвидировать, выкорчевывать;iskar’iˈn’at’, vыrыˈvat’, istr’iˈbl’at’, udaˈl’at’, un’ičtaˈžat’, vыˈluš’ivat’, l’ikv’iˈd’iravat’, vыkarˈčovыvat’
extract;/ɪkˈstrækt/;-;удалять или уносить что-либо;вытаскивать, удалять, извлекать, выжимать, вырывать, извлекать, вытягивать, выцеживать, добывать, заполучать;vыˈtas’k’ivat’, udaˈl’at’, izvl’iˈkat’, vыžыˈmat’, vыrыˈvat’, izvl’iˈkat’, vыˈt’ag’ivat’, vыˈcežыvat’, dabыˈvat’, zapaluˈčat’
fall;/fɔːl/;C;резко двигаться в направлении земли;падать, спадать, снижаться, опускаться, оседать, спускаться, сходить, осыпаться, сваливаться, валиться;ˈpadat’, spaˈdat’, sn’iˈžaca, apuˈskaca, as’iˈdat’, spuˈskaca, sxaˈd’it’, asыˈpaca, svaˈl’ivaca, vaˈl’ica
fasten;/ˈfɑː.sən/;C;фиксировать, скреплять что-либо вместе;связывать, прикреплять, привязывать, скреплять, укреплять, застегивать, зажимать, соединять, фиксировать, привязываться, прикручивать, припутывать, приснащать, прицеплять;ˈsv’azыvat’, pr’ikr’iˈpl’at’, pr’iˈv’azыvat’, skr’iˈpl’at’, ukr’iˈpl’at’, zaˈst’ogivat’, zažыˈmat’, said’iˈn’at’, f’ikˈs’iravat’, pr’iˈv’azыvaca, pr’iˈkručivat’, pr’iˈputыvat’, pr’isnaˈš’at’, pr’icepˈl’at’
feel;/fiːl/;C;трогать что-либо;трогать, ощущать, осязать, чувствовать, нащупывать, шарить, испытывать, искать (ощупью), прикасаться, касаться;ˈtrogat’, aš’uˈš’at’, as’iˈzat’, ˈčustvavat’, naˈš’upыvat’, ˈšar’it’, iˈspыtыvat’, iˈskat’, pr’ikaˈsaca, kaˈsaca
fell;/fel/;I;срубать деревья;рубить, валить, сбивать, подрубать, сваливать, подкашивать, срезать, вырубать;ruˈb’it’, vaˈl’it’, sb’iˈvat’, patruˈbat’, svaˈl’ivat’, patˈkašыvat’, sr’iˈzat’, vыˈrubat’
fence;/fens/;IC;сражаться длинным тонким мечом;фехтовать, парировать, дуэлировать, биться, сражаться;f’ixtaˈvat’, paˈr’iravat’, duil’iˈr’ivat’, ˈb’ica, sraˈžaca
ferry;/ˈfer.i/;F;перевозить людей или товары, особенно в регулярном режиме;переправлять, перевозить, перегонять, доставлять, транспортировать, возить;p’ir’ipraˈvl’at’, p’ir’ivaˈz’it’, p’ir’igaˈn’at’, daˈstav’it’, transparˈt’iravat’, ˈvaz’it’
fetch;/fetʃ/;I;ударять кого-либо рукой;ударить, стукать, шлепать, бить, тюкать, колотить;uˈdar’it’, ˈstukat’, ˈšl’opat’, ˈb’it’, ˈt’ukat’, kalaˈt’it’
fiddle;/ˈfɪd.l̩/;I;перемещать предметы или трогать их без какой-либо конкретной цели;бездельничать, вертеть (в руках), возиться, теребить, играться, суетиться;b’izˈd’el’n’ičat’, v’irˈt’et’, vaˈz’ica, t’ir’iˈb’it’, igˈraca, suiˈt’ica
fidget;/ˈfɪdʒ.ɪt/;I;совершать продолжительные небольшие движения, которые раздражают окружающих;ёрзать, суетиться, вертеться, волноваться, нервировать, нервничать, теребить;ˈjorzat’, suiˈt’ica, v’irˈt’eca, valnaˈvaca, n’irˈv’iravat’, ˈn’erv’ičat’, t’ir’iˈb’it’
fight;/faɪt/;C;использовать физическую силу, чтобы одержать верх над другими людьми;драться, сражаться, воевать, бороться, защищаться, защищать, отстаивать, (давать) отпор, воевать, поражать;ˈdraca, sraˈžaca, vaiˈvat’, baˈroca, zaš’iˈš’aca, zaš’iˈš’at’, atˈstaivat’, daˈvat’, vaiˈvat’, paraˈžat’
fix;/fɪks/;IC;фиксировать что-либо на месте;укреплять, закреплять, устанавливать, крепить, прилаживать, фиксировать, приделывать, привязывать;ukr’iˈpl’at’, zakr’iˈpl’at’, ustaˈnavl’ivat’, kr’iˈp’it’, pr’iˈlažыvat’, f’iks’iˈravat’, pr’iˈd’elыvat’, pr’iˈv’azыvat’
flail;/fleɪl/;C;энергично хаотично двигаться;мотаться, вертеться, крутиться, размахивать;maˈtaca, v’irˈt’eca, kruˈt’ica, razˈmax’ivat’
flap;/flæp/;I;махать чем-либо, особенно руками или крыльями;взмахивать, махать, развеваться, развевать, колыхаться, колыхать, хлопать, шлепать, трепыхаться, взметать, трепаться;ˈvzmax’ivat’, maˈxat’, razv’iˈvaca, razv’iˈvat’, kalыˈxaca, kalыˈxat’, ˈxlopat’, ˈšl’opat’, tr’ipыˈxaca, vzm’iˈtat’, tr’iˈpaca
flash;/flæʃ/;IC;двигаться очень быстро;сверкать, метаться, гнаться, блескать, мелькать, носиться;sv’irˈkat’, m’iˈtaca, gnaˈca, bl’isˈkat’, m’il’ˈkat’, naˈs’ica
flee;/fliː/;C;покаидать место бегом, особенно из-за страха или опасности;бежать, спасаться, сбегать, исчезать, сторониться, скрываться, драпать, удирать, покидать;b’iˈžat’, spaˈsaca, zb’iˈgat’, ’isčiˈzat’, staraˈn’ica, skrыˈvaca, ˈdrapat’, ud’iˈrat’, pak’iˈdat’
flex;/fleks/;IC;сгибать конечность, напрягать мышцу;сгибать, гнуть, изгибать, напрягать, кривить, прогибать, прогибаться, гнуться, сгибаться;sg’iˈbat’, gnut’, ’izg’iˈbat’, napr’aˈgat’, kr’iˈv’it’, prag’iˈbat’, prag’iˈbaca, ˈgnuca, sg’iˈbaca
flick;/flɪk/;IC;двигать или ударять что-либо коротким и резким движением;смахивать, сбрасывать, щелкать, сносить, стряхивать, сдвигать, откидывать;sˈmax’ivat’, ˈsbrasыvat’, ˈš’olkat’, snaˈs’it’, ˈstr’ax’ivat’, sdv’iˈgat’, atˈk’idыvat’
flinch;/flɪntʃ/;IC;делать небольшое движение из-за боли или испуга;вздрагивать, дрожать, дрогнуть, передергиваться, изворачиваться;ˈvsdrag’ivat’, draˈžat’, ˈdrognut’, p’ir’iˈd’orgivaca, ’izvaˈračivaca
fling;/flɪŋ/;IC;двигать или делать что-либо энергично и быстро;кидаться, бросаться, швыряться, кидать, бросать, швырять, выскочить, запускать, выбрасывать, лягаться, ринуться, брыкаться;k’iˈdaca, braˈsaca, švыˈr’aca, k’iˈdat’, braˈsat’, šv’iˈrat’, ˈvыskačit’, zapusˈkat’, vыˈbrasыvat’, l’iˈgaca, ˈr’inuca, brыˈkaca
flip;/flɪp/;IC;переворачивать что-либо или переворчаиваться;переворачивать, переворачиваться, подбрасывать, опрокидывать, бросать;p’ir’ivaˈračivat’, p’ir’ivaˈračivaca, padˈbrasыvat’, apraˈk’idыvat’, braˈsat’
flirt;/flɜːt/;FIC;быстро двигаться от чего-либо к чему-либо;двигаться, махать, метнуть, бросать, кидать;ˈdv’igaca, maˈxat’, m’itˈnut’, braˈsat’, k’iˈdat’
flit;/flɪt/;IC;лететь или быстро двигаться;двигаться, лететь, порхать, перелетать, переезжать, проноситься, юркать, бежать;ˈdv’igaca, l’iˈt’et’, parˈxat’, p’ir’il’iˈtat’, p’ir’iiˈžat’, pranaˈs’ica, ˈjurkat’, b’iˈžat’
float;/fləʊt/;C;двигать или двигаться сковзь, по или через что-либо;плавать, сплавалять, плыть, носиться, проплывать, уплывать, нестись, перемещать (по воде);ˈplavat’, splaˈvl’at’, plыt’, naˈs’ica, praplыˈvat’, uplыˈvat’, n’isˈt’is’, p’ir’im’iˈš’at’
flop;/flɒp/;IC;тяжело падать;шлепаться, бухаться, плюхаться, сваливаться, ударяться, проваливаться, рухнуть;ˈšl’opaсa, ˈbuxaсa, ˈpl’uxaсa, ˈsval’ivaca, udaˈr’aca, praˈval’ivaca, ˈruxnut’
flounce;/flaʊns/;IC;идти, издавая громкие звуки, чтобы привлечь чье-то внимание;топать, стучать, бросаться, (резко) двигаться, метаться;ˈtopat’, stuˈčat’, braˈsaсa, ˈdv’igaca, m’iˈtaca
flourish;/ˈflʌr.ɪʃ/;FIC;трясти предметом в руке, чтобы привлечь к нему внимание людей;размахивать, выставлять (напоказ), помахивать, демонстрировать;razˈmax’ivat’, vыstaˈvl’at’, paˈmax’ivat’, d’imanˈstr’iravat’
flow;/fləʊ/;C;двигаться в одном направлении, долго и легко;течь, литься, струиться, хлынуть, уплывать, протекать, двигаться, стекать, истекать, вытекать;t’eč, ˈl’ica, struˈica, ˈxlыnut’, uplыˈvat’, prat’iˈkat’, ˈdv’igaca, st’iˈkat’, ’ist’iˈkat’, vыt’iˈkat’
flutter;/ˈflʌt.ər/;IC;череда мелких последовательных движений из стороны в сторону или вверх и вниз;дрожать, вибрировать, трепетать, колыхаться, развеваться, волноваться, трепаться;draˈžat’, v’ibˈr’iravat’, tr’ip’iˈtat’, kalыˈxaca, razv’iˈvaca, valnaˈvaca, tr’iˈpaca
fly;/flaɪ/;C;летать;летать, пролетать, улетать, кружиться, порхать, парить, нестись, мелькать;l’iˈtat’, pral’iˈtat’, ul’iˈtat’, kruˈžыca, parˈxat’, paˈr’it’, n’isˈt’is’, m’il’ˈkat’
fold;/fəʊld/;IC;складывать что-либо, особенно ткань или бумагу;складывать, сгибать, загибать, завертывать, свертывать, заворачивать, сворачивать;ˈskladыvat’, sg’iˈbat’, zag’iˈbat’, zaˈv’ortыvat’, ˈsv’ortыvat’, zavaˈračivat’, svaˈračivat’
fondle;/ˈfɒn.dl̩/;IC;нежно касаться кого-либо;ласкать, гладить, голубить, холить, лелеять, миловать;laˈskat’, ˈglad’it’, gaˈlub’it’, ˈxol’it’, l’iˈl’eit’, ˈm’ilavat’
forge;/fɔːdʒ/;F;резко и быстро двигаться вперед;обгонять, возглавлять, выходить (вперед);abgaˈn’at’, vazglavˈl’at’, vыxaˈd’it’
